Student Name,Average Test Score
Avery Nguyen,93.33333333333333
Brianna Thompson,93.33333333333333
Carlos Rodriguez,95.66666666666667
Dakota Black,94.33333333333333
Elijah Patel,96.0
Fatima Ali,92.33333333333333
Gabriel Brown,95.66666666666667
Hannah Kim,94.33333333333333
Isaiah Jackson,94.66666666666667
Jasmine Singh,95.33333333333333
